{
  "analysis": {
    "traditional": {
      "early_avg": 0.9260963133701425,
      "mid_avg": 0.4221248958942555,
      "late_avg": 0.3135165241779507,
      "final_accuracy": 0.2986125463360958,
      "final_context": 1.0
    },
    "iranti": {
      "early_avg": 0.9133423425038233,
      "mid_avg": 0.918972395304236,
      "late_avg": 0.9192664796012616,
      "final_accuracy": 0.9122879889772971,
      "final_context": 0.25
    },
    "performance_gap": {
      "traditional_total_degradation": 67.75577852702818,
      "iranti_total_degradation": 0.11543902844094305,
      "final_accuracy_gap": 0.6136754426412013,
      "iranti_advantage_percent": 67.64033949858724
    }
  },
  "raw_results": {
    "traditional_accuracies": [
      0.9163483622845925,
      0.9212719544455166,
      0.9155119038661261,
      0.9312726437155695,
      0.938783482837663,
      0.9177449750307852,
      0.9300186792634247,
      0.9166415982458044,
      0.9344939245266747,
      0.9388756094852689,
      0.9150956050333409,
      0.931159961813344,
      0.9291805639211188,
      0.9365471819255587,
      0.8959483691439314,
      0.9054087624118344,
      0.8802266601252786,
      0.8150387820190069,
      0.8132062127886491,
      0.7885089275198209,
      0.7485435867372359,
      0.6469428290230387,
      0.5668077754856105,
      0.49322865638451846,
      0.37910738186198967,
      0.28695810248313214,
      0.3086837227995079,
      0.3069564910784657,
      0.24034753463218037,
      0.243672878456876,
      0.29778718942386123,
      0.275216084769892,
      0.31331661835834945,
      0.297656503750314,
      0.2161307152612931,
      0.2644005272095097,
      0.22382004013786544,
      0.3303577466640363,
      0.2542362168337481,
      0.28013684820414336,
      0.3023246557318846,
      0.24947673836492795,
      0.36093817710872855,
      0.3486288058176569,
      0.3575594289073306,
      0.2617602253380409,
      0.28594297265626606,
      0.3042042039884803,
      0.36571748753009536,
      0.2986125463360958
    ],
    "iranti_accuracies": [
      0.9277098330731877,
      0.9118485117642882,
      0.9364397089392691,
      0.9013501360230145,
      0.9204694212466064,
      0.9014749045785369,
      0.9253669298845687,
      0.905688695226248,
      0.902227326815589,
      0.9008479574869248,
      0.9232652591699297,
      0.9040793745660763,
      0.9367496865795809,
      0.9170160046738609,
      0.9131609349807226,
      0.9352908453937643,
      0.9241503434667785,
      0.9140395162758532,
      0.9206660146765604,
      0.9090869106119682,
      0.9121588465588527,
      0.9006318874861002,
      0.9162525264390413,
      0.9240990178021034,
      0.9119895726691298,
      0.91742251732409,
      0.920757041748168,
      0.9198271196889128,
      0.9371821461677572,
      0.929403277158205,
      0.9180036251417555,
      0.9215953709957794,
      0.9310731542858435,
      0.9263437218495557,
      0.930659968890141,
      0.9059203219125792,
      0.907138249990667,
      0.9190638343015327,
      0.9361266774591472,
      0.9212495866020644,
      0.9378847854408977,
      0.9077163812542577,
      0.9250995090326575,
      0.9277903863529707,
      0.9342257764015445,
      0.9005473339523893,
      0.9187468328778752,
      0.9129169957122135,
      0.9154488060105129,
      0.9122879889772971
    ],
    "context_utilizations": [
      0.014375,
      0.030625,
      0.04875,
      0.06875,
      0.090625,
      0.114375,
      0.14,
      0.1675,
      0.196875,
      0.228125,
      0.26125,
      0.29625,
      0.333125,
      0.371875,
      0.4125,
      0.455,
      0.499375,
      0.545625,
      0.59375,
      0.64375,
      0.695625,
      0.749375,
      0.805,
      0.8625,
      0.921875,
      0.983125,
      1.0,
      1.0,
      1.0,
      1.0,
      1.0,
      1.0,
      1.0,
      1.0,
      1.0,
      1.0,
      1.0,
      1.0,
      1.0,
      1.0,
      1.0,
      1.0,
      1.0,
      1.0,
      1.0,
      1.0,
      1.0,
      1.0,
      1.0,
      1.0
    ],
    "num_tasks": 50
  }
}