{
  "analysis": {
    "traditional": {
      "early_avg": 0.9176547641904149,
      "mid_avg": 0.44386407851461185,
      "late_avg": 0.26685793754270515,
      "final_accuracy": 0.2472620365735385,
      "final_context": 1.0
    },
    "iranti": {
      "early_avg": 0.9208486825031409,
      "mid_avg": 0.914536602629951,
      "late_avg": 0.9180915814230455,
      "final_accuracy": 0.926569940785709,
      "final_context": 0.25
    },
    "performance_gap": {
      "traditional_total_degradation": 73.05500431944239,
      "iranti_total_degradation": -0.621302760298902,
      "final_accuracy_gap": 0.6793079042121705,
      "iranti_advantage_percent": 73.67630707974129
    }
  },
  "raw_results": {
    "traditional_accuracies": [
      0.900456511185875,
      0.9178774457717593,
      0.9100339614451461,
      0.933545245222362,
      0.9199474086359906,
      0.915524927268785,
      0.9290416772467264,
      0.9148846879897352,
      0.9086455558108755,
      0.9265902213268933,
      0.9247160030488949,
      0.9086852029243998,
      0.9340448380036308,
      0.9109529775410781,
      0.9387893877145391,
      0.8843275724822397,
      0.8680728406292748,
      0.8183433398301295,
      0.8014726471952802,
      0.7716393548238079,
      0.7402221366911943,
      0.6740128128879641,
      0.6180597601568623,
      0.5206126865951408,
      0.38537105652578996,
      0.3189803675306308,
      0.24092365266307542,
      0.3241919208851295,
      0.3478037148662269,
      0.2684626763441039,
      0.3037085738219994,
      0.253207855611993,
      0.22657383898081163,
      0.2683698317177836,
      0.3181380155509751,
      0.3168862648793469,
      0.31681996547795543,
      0.22788173583906465,
      0.2767857428252538,
      0.3011080754944117,
      0.23774823948225832,
      0.30221672550436085,
      0.3317950064399238,
      0.2631974490102947,
      0.2693442279874895,
      0.2583107586987733,
      0.22326821226486754,
      0.3179601947214371,
      0.21747652474410784,
      0.2472620365735385
    ],
    "iranti_accuracies": [
      0.9182435861509121,
      0.9266266999327114,
      0.9247221497744343,
      0.9126908395260731,
      0.911972324049271,
      0.9077843546381117,
      0.9167675698138766,
      0.9385953567312683,
      0.9204791954924744,
      0.9306047489222761,
      0.9145979773469448,
      0.9256646587378232,
      0.9177252710950027,
      0.9056108736904369,
      0.9203139580333947,
      0.9372378346197386,
      0.9228483431388651,
      0.9369672681553024,
      0.9155317511345495,
      0.9243919147107772,
      0.9103086808104048,
      0.9002877925365955,
      0.9194300102328411,
      0.9217669841263474,
      0.9017555407851775,
      0.9037906451868377,
      0.9261016916668913,
      0.9281814994713188,
      0.9288310279643194,
      0.9049121535187762,
      0.9273771839486745,
      0.9153278321825651,
      0.905173625553834,
      0.9302761098076295,
      0.9313761940839059,
      0.938095298740534,
      0.9208313984607002,
      0.9180894666524871,
      0.9047695543575284,
      0.93952226471377,
      0.9346518267220777,
      0.9028251023228597,
      0.9277989490277848,
      0.9394682733414081,
      0.9112137439190972,
      0.9128661313712856,
      0.9153872549165313,
      0.905736778204506,
      0.9043978136191954,
      0.926569940785709
    ],
    "context_utilizations": [
      0.014375,
      0.030625,
      0.04875,
      0.06875,
      0.090625,
      0.114375,
      0.14,
      0.1675,
      0.196875,
      0.228125,
      0.26125,
      0.29625,
      0.333125,
      0.371875,
      0.4125,
      0.455,
      0.499375,
      0.545625,
      0.59375,
      0.64375,
      0.695625,
      0.749375,
      0.805,
      0.8625,
      0.921875,
      0.983125,
      1.0,
      1.0,
      1.0,
      1.0,
      1.0,
      1.0,
      1.0,
      1.0,
      1.0,
      1.0,
      1.0,
      1.0,
      1.0,
      1.0,
      1.0,
      1.0,
      1.0,
      1.0,
      1.0,
      1.0,
      1.0,
      1.0,
      1.0,
      1.0
    ],
    "num_tasks": 50
  }
}